wl;up_coef;dw_coef;wl_F;up_coef_F;dw_coef_F;Device ID
649.4664636;0.004782388;0.001933517;340.8164587;0.000550599;0.003736482;JB-015-AD
649.6424291;0.004770543;0.001928566;341.5760226;0.000544639;0.003705065;Date
649.8183628;0.0047587;0.001923616;342.3354218;0.00053868;0.003673655;20180131
649.9942648;0.00474686;0.001918667;343.0946562;0.000532723;0.003642252;Technician
650.170135;0.004735021;0.001913718;343.8537257;0.000526767;0.003610856;Tommaso
650.3459734;0.004723185;0.00190877;344.6126303;0.000520812;0.003579467;Place
650.52178;0.004711351;0.001903824;345.37137;0.000514858;0.003548084;Julich
650.6975549;0.004699519;0.001898878;346.1299447;0.000508906;0.003516708;
650.8732979;0.004687689;0.001893933;346.8883543;0.000502955;0.003485339;
651.0490092;0.004675861;0.001888989;347.6465988;0.000497005;0.003453977;
651.2246886;0.004664035;0.001884046;348.4046782;0.000491057;0.003422622;
651.4003363;0.004652251;0.001879122;349.1625923;0.00048511;0.003391274;
651.5759521;0.004640535;0.001874217;349.9203412;0.000479164;0.003359932;
651.7515362;0.004628871;0.001869306;350.6779248;0.00047322;0.003328597;
651.9270884;0.00461724;0.001864363;351.4353429;0.000467276;0.00329727;
652.1026089;0.004605626;0.001859362;352.1925957;0.000461335;0.003265949;
652.2780975;0.004594011;0.001854277;352.949683;0.000455394;0.003234634;
652.4535543;0.004582377;0.001849082;353.7066048;0.000449455;0.003203327;
652.6289793;0.004570708;0.001843758;354.4633609;0.000443517;0.003172027;
652.8043724;0.004558989;0.001838315;355.2199515;0.00043758;0.003140733;
652.9797337;0.004547206;0.001832766;355.9763764;0.000431645;0.003109446;
653.1550632;0.004535346;0.001827127;356.7326355;0.000425711;0.003078166;
653.3303609;0.004523395;0.001821414;357.4887289;0.000419778;0.003046893;
653.5056267;0.004511338;0.001815641;358.2446564;0.000413846;0.003015627;
653.6808607;0.004499162;0.001809823;359.000418;0.000407916;0.002984368;
653.8560628;0.004486865;0.001803979;359.7560137;0.000401987;0.002953115;
654.0312331;0.004474484;0.001798131;360.5114434;0.00039606;0.002921869;
654.2063716;0.004462071;0.001792306;361.266707;0.000390134;0.002890631;
654.3814781;0.004449675;0.00178653;362.0218045;0.000384209;0.002859399;
654.5565529;0.004437347;0.001780829;362.7767359;0.000378285;0.002828174;
654.7315957;0.004425135;0.001775229;363.5315011;0.000372363;0.002796956;
654.9066067;0.00441309;0.001769757;364.2861;0.000366442;0.002765744;
655.0815859;0.004401249;0.001764428;365.0405326;0.000360522;0.00273454;
655.2565331;0.004389593;0.001759224;365.7947989;0.000354603;0.002703342;
655.4314485;0.004378093;0.001754117;366.5488987;0.000348686;0.002672152;
655.606332;0.004366717;0.001749079;367.3028321;0.00034277;0.002640968;
655.7811837;0.004355435;0.001744081;368.0565989;0.000336856;0.002609791;
655.9560034;0.004344217;0.001739096;368.8101992;0.000330943;0.002578621;
656.1307913;0.004333033;0.001734095;369.5636329;0.000325031;0.002547458;
656.3055472;0.004321855;0.001729057;370.3168999;0.00031912;0.002516302;
656.4802713;0.004310672;0.001723985;371.0700001;0.000313243;0.002485296;
656.6549635;0.004299478;0.001718889;371.8229336;0.000307442;0.002454662;
656.8296238;0.004288265;0.001713777;372.5757003;0.000301732;0.002424512;
657.0042522;0.004277027;0.001708659;373.3283;0.000296126;0.002394963;
657.1788487;0.004265756;0.001703546;374.0807329;0.00029064;0.002366128;
657.3534132;0.004254444;0.001698445;374.8329987;0.000285288;0.002338122;
657.5279459;0.00424309;0.001693367;375.5850975;0.000280076;0.002310977;
657.7024466;0.004231701;0.001688317;376.3370292;0.000274983;0.002284401;
657.8769155;0.004220293;0.001683301;377.0887938;0.000269977;0.00225802;
658.0513524;0.004208878;0.001678325;377.8403912;0.000265028;0.002231463;
658.2257573;0.00419747;0.001673394;378.5918213;0.000260107;0.002204356;
658.4001304;0.004186082;0.001668515;379.3430841;0.000255183;0.002176328;
658.5744715;0.004174728;0.001663693;380.0941796;0.000250226;0.002147007;
658.7487807;0.004163426;0.001658931;380.8451077;0.000245212;0.00211611;
658.9230579;0.004152214;0.001654229;381.5958683;0.000240144;0.002083703;
659.0973032;0.004141133;0.001649583;382.3464614;0.00023503;0.002049938;
659.2715166;0.004130228;0.00164499;383.0968869;0.00022988;0.002014968;
659.445698;0.004119538;0.001640446;383.8471449;0.000224702;0.001978946;
659.6198475;0.004109109;0.001635948;384.5972351;0.000219505;0.001942024;
659.793965;0.00409898;0.001631493;385.3471577;0.0002143;0.001904369;
659.9680505;0.004089179;0.001627077;386.0969124;0.00020911;0.001866216;
660.1421041;0.004079666;0.001622696;386.8464994;0.000203959;0.001827812;
660.3161257;0.004070385;0.001618346;387.5959185;0.000198874;0.001789405;
660.4901154;0.004061282;0.001614023;388.3451696;0.000193879;0.001751245;
660.6640731;0.004052301;0.001609721;389.0942528;0.000188998;0.001713579;
660.8379988;0.004043387;0.001605437;389.8431679;0.000184257;0.001676654;
661.0118925;0.004034484;0.001601166;390.591915;0.000179679;0.001640695;
661.1857543;0.004025547;0.001596906;391.3404939;0.000175277;0.001605836;
661.359584;0.004016562;0.001592663;392.0889046;0.000171061;0.00157219;
661.5333818;0.004007525;0.001588444;392.8371471;0.000167042;0.00153987;
661.7071476;0.003998432;0.001584257;393.5852213;0.000163232;0.001508987;
661.8808814;0.00398928;0.00158011;394.3331272;0.00015964;0.001479653;
662.0545832;0.003980064;0.001576012;395.0808646;0.000156279;0.00145198;
662.228253;0.00397078;0.001571969;395.8284336;0.000153154;0.001426036;
662.4018908;0.00396143;0.001567986;396.5758341;0.000150249;0.001401717;
662.5754966;0.003952038;0.001564058;397.3230661;0.000147544;0.001378876;
662.7490704;0.003942634;0.001560175;398.0701294;0.000145019;0.001357366;
662.9226122;0.003933247;0.001556329;398.8170241;0.000142654;0.00133704;
663.096122;0.003923908;0.00155251;399.5637501;0.000140429;0.001317751;
663.2695997;0.003914645;0.001548709;400.3103073;0.000138324;0.001299361;
663.4430454;0.00390549;0.001544918;401.0566957;0.000136326;0.001281764;
663.6164591;0.003896468;0.00154113;401.8029153;0.000134422;0.001264861;
663.7898408;0.003887592;0.001537348;402.5489659;0.0001326;0.001248554;
663.9631904;0.003878874;0.00153358;403.2948476;0.000130845;0.001232746;
664.136508;0.003870323;0.001529831;404.0405602;0.000129147;0.001217337;
664.3097936;0.00386195;0.001526108;404.7861037;0.000127491;0.00120223;
664.4830471;0.003853764;0.001522417;405.5314782;0.000125868;0.001187348;
664.6562686;0.003845777;0.001518764;406.2766834;0.000124275;0.001172687;
664.829458;0.00383799;0.001515154;407.0217194;0.000122715;0.001158265;
665.0026154;0.003830373;0.001511588;407.7665862;0.000121186;0.0011441;
665.1757407;0.003822886;0.001508065;408.5112835;0.000119689;0.001130209;
665.348834;0.003815491;0.001504584;409.2558116;0.000118225;0.001116609;
665.5218952;0.003808149;0.001501145;410.0001701;0.000116795;0.001103316;
665.6949243;0.003800822;0.001497745;410.7443592;0.0001154;0.001090351;
665.8679214;0.003793472;0.001494386;411.4883787;0.000114042;0.001077739;
666.0408864;0.003786069;0.001491065;412.2322286;0.000112725;0.001065508;
666.2138193;0.003778629;0.00148778;412.9759089;0.000111453;0.001053686;
666.3867202;0.003771176;0.001484527;413.7194195;0.000110229;0.001042299;
666.559589;0.003763737;0.001481304;414.4627603;0.000109057;0.001031377;
666.7324257;0.003756336;0.001478106;415.2059314;0.000107938;0.001020926;
666.9052303;0.003748999;0.00147493;415.9489325;0.000106869;0.001010875;
667.0780028;0.00374175;0.001471774;416.6917638;0.000105844;0.001001131;
667.2507432;0.003734608;0.001468634;417.4344251;0.000104857;0.000991602;
667.4234515;0.003727569;0.001465513;418.1769163;0.000103902;0.000982196;
667.5961277;0.003720621;0.001462413;418.9192375;0.000102973;0.000972822;
667.7687719;0.003713754;0.001459336;419.6613886;0.000102064;0.000963388;
667.9413839;0.003706956;0.001456285;420.4033695;0.00010117;0.000953822;
668.1139638;0.003700217;0.001453262;421.1451802;0.000100285;0.000944136;
668.2865116;0.003693525;0.00145027;421.8868207;9.94E-05;0.000934357;
668.4590273;0.003686869;0.00144731;422.6282908;9.85E-05;0.000924518;
668.6315108;0.003680241;0.001444383;423.3695905;9.76E-05;0.000914648;
668.8039622;0.003673629;0.001441489;424.1107197;9.67E-05;0.000904776;
668.9763816;0.003667025;0.001438627;424.8516785;9.58E-05;0.00089493;
669.1487687;0.003660419;0.001435798;425.5924668;9.49E-05;0.000885124;
669.3211238;0.003653801;0.001433001;426.3330845;9.39E-05;0.000875369;
669.4934467;0.003647162;0.001430236;427.0735315;9.30E-05;0.000865674;
669.6657375;0.003640499;0.001427503;427.8138078;9.20E-05;0.00085605;
669.8379961;0.003633837;0.001424799;428.5539134;9.10E-05;0.000846509;
670.0102226;0.003627207;0.001422121;429.2938482;9.01E-05;0.000837061;
670.182417;0.003620641;0.001419466;430.0336122;8.91E-05;0.000827716;
670.3545792;0.00361417;0.001416832;430.7732052;8.82E-05;0.000818485;
670.5267092;0.003607826;0.001414216;431.5126273;8.73E-05;0.000809379;
670.6988071;0.00360164;0.001411615;432.2518784;8.64E-05;0.00080041;
670.8708728;0.003595637;0.001409029;432.9909584;8.55E-05;0.000791587;
671.0429063;0.003589815;0.001406475;433.7298673;8.46E-05;0.000782922;
671.2149077;0.003584167;0.001403972;434.468605;8.37E-05;0.000774425;
671.3868769;0.003578685;0.001401538;435.2071716;8.29E-05;0.000766106;
671.558814;0.00357336;0.001399192;435.9455668;8.20E-05;0.000757968;
671.7307189;0.003568185;0.001396955;436.6837908;8.12E-05;0.00075001;
671.9025915;0.003563152;0.001394845;437.4218434;8.04E-05;0.000742236;
672.074432;0.003558255;0.001392874;438.1597245;7.96E-05;0.000734644;
672.2462404;0.003553489;0.00139103;438.8974342;7.88E-05;0.000727237;
672.4180165;0.003548853;0.001389296;439.6349723;7.80E-05;0.000720019;
672.5897604;0.003544345;0.001387652;440.3723389;7.73E-05;0.000713004;
672.7614722;0.003539963;0.00138608;441.1095338;7.66E-05;0.000706212;
672.9331517;0.003535704;0.001384562;441.8465571;7.60E-05;0.000699661;
673.104799;0.003531566;0.001383078;442.5834086;7.53E-05;0.00069337;
673.2764142;0.003527546;0.001381614;443.3200883;7.47E-05;0.000687357;
673.4479971;0.003523639;0.001380166;444.0565962;7.42E-05;0.00068164;
673.6195478;0.003519836;0.001378731;444.7929322;7.36E-05;0.00067623;
673.7910663;0.00351613;0.001377309;445.5290962;7.31E-05;0.000671104;
673.9625525;0.003512514;0.001375898;446.2650883;7.27E-05;0.000666229;
674.1340066;0.00350898;0.001374498;447.0009083;7.22E-05;0.000661576;
674.3054284;0.003505521;0.001373106;447.7365562;7.18E-05;0.000657113;
674.476818;0.003502127;0.00137172;448.4720319;7.14E-05;0.000652808;
674.6481754;0.003498774;0.001370338;449.2073354;7.10E-05;0.000648631;
674.8195005;0.003495437;0.001368955;449.9424667;7.06E-05;0.000644547;
674.9907934;0.003492089;0.001367566;450.6774257;7.02E-05;0.000640517;
675.162054;0.003488705;0.001366167;451.4122123;6.98E-05;0.000636495;
675.3332824;0.003485257;0.001364755;452.1468264;6.94E-05;0.000632437;
675.5044786;0.003481721;0.001363324;452.8812682;6.91E-05;0.0006283;
675.6756425;0.003478077;0.001361872;453.6155373;6.87E-05;0.000624041;
675.8467741;0.003474337;0.001360405;454.349634;6.83E-05;0.000619626;
676.0178735;0.003470518;0.00135893;455.083558;6.79E-05;0.000615063;
676.1889407;0.003466638;0.001357454;455.8173093;6.74E-05;0.000610372;
676.3599755;0.003462716;0.001355984;456.5508879;6.70E-05;0.000605572;
676.5309781;0.00345877;0.001354527;457.2842937;6.66E-05;0.000600683;
676.7019485;0.003454817;0.001353091;458.0175267;6.61E-05;0.000595722;
676.8728865;0.003450874;0.001351682;458.7505868;6.57E-05;0.00059071;
677.0437923;0.003446955;0.001350307;459.4834739;6.52E-05;0.00058566;
677.2146658;0.003443068;0.001348973;460.2161881;6.47E-05;0.000580566;
677.385507;0.003439225;0.001347685;460.9487292;6.41E-05;0.000575415;
677.5563159;0.003435436;0.00134645;461.6810972;6.36E-05;0.000570196;
677.7270926;0.003431713;0.001345274;462.4132921;6.31E-05;0.000564896;
677.8978369;0.003428066;0.001344164;463.1453138;6.25E-05;0.000559504;
678.0685489;0.003424504;0.001343123;463.8771623;6.19E-05;0.000554008;
678.2392287;0.003421036;0.001342139;464.6088374;6.13E-05;0.000548396;
678.4098761;0.003417668;0.001341199;465.3403392;6.07E-05;0.000542661;
678.5804913;0.003414406;0.001340288;466.0716675;6.01E-05;0.000536793;
678.7510741;0.003411259;0.001339392;466.8028224;5.94E-05;0.000530786;
678.9216246;0.003408233;0.001338497;467.5338038;5.88E-05;0.000524631;
679.0921428;0.003405334;0.001337588;468.2646117;5.81E-05;0.00051832;
679.2626287;0.003402563;0.001336654;468.9952459;5.75E-05;0.000511846;
679.4330822;0.0033999;0.001335697;469.7257064;5.68E-05;0.000505206;
679.6035035;0.003397316;0.001334719;470.4559933;5.61E-05;0.0004984;
679.7738924;0.003394783;0.001333724;471.1861063;5.54E-05;0.000491424;
679.9442489;0.003392275;0.001332716;471.9160456;5.46E-05;0.000484277;
680.1145732;0.003389764;0.001331699;472.6458109;5.39E-05;0.000476958;
680.2848651;0.003387223;0.001330675;473.3754024;5.31E-05;0.000469465;
680.4551246;0.003384628;0.001329649;474.1048198;5.23E-05;0.0004618;
680.6253518;0.00338197;0.001328619;474.8340632;5.15E-05;0.000453984;
680.7955467;0.003379246;0.001327585;475.5631325;5.07E-05;0.00044604;
680.9657092;0.003376452;0.001326545;476.2920277;4.98E-05;0.000437993;
681.1358394;0.003373583;0.001325499;477.0207487;4.89E-05;0.000429868;
681.3059372;0.003370635;0.001324444;477.7492955;4.81E-05;0.000421688;
681.4760026;0.003367603;0.00132338;478.477668;4.72E-05;0.00041348;
681.6460357;0.003364489;0.001322307;479.2058661;4.63E-05;0.000405273;
681.8160364;0.003361319;0.001321233;479.9338898;4.55E-05;0.000397098;
681.9860047;0.003358124;0.001320164;480.6617391;4.46E-05;0.000388988;
682.1559407;0.003354935;0.00131911;481.3894138;4.37E-05;0.000380974;
682.3258442;0.003351783;0.001318079;482.116914;4.29E-05;0.000373086;
682.4957154;0.0033487;0.001317079;482.8442396;4.21E-05;0.000365357;
682.6655543;0.003345716;0.001316117;483.5713906;4.13E-05;0.000357814;
682.8353607;0.003342852;0.001315199;484.2983668;4.05E-05;0.000350477;
683.0051347;0.003340088;0.001314311;485.0251683;3.98E-05;0.000343361;
683.1748764;0.003337392;0.001313436;485.7517949;3.90E-05;0.000336483;
683.3445856;0.003334735;0.001312557;486.4782467;3.83E-05;0.000329857;
683.5142625;0.003332085;0.001311658;487.2045235;3.77E-05;0.000323501;
683.6839069;0.003329412;0.001310721;487.9306254;3.70E-05;0.00031743;
683.853519;0.003326685;0.001309729;488.6565523;3.64E-05;0.000311657;
684.0230986;0.003323882;0.001308672;489.3823041;3.59E-05;0.00030618;
684.1926458;0.003321022;0.001307562;490.1078807;3.53E-05;0.000300993;
684.3621606;0.00331813;0.001306419;490.8332822;3.48E-05;0.000296091;
684.531643;0.003315233;0.00130526;491.5585084;3.43E-05;0.00029147;
684.701093;0.003312358;0.001304107;492.2835594;3.39E-05;0.000287123;
684.8705105;0.003309531;0.001302976;493.008435;3.34E-05;0.000283044;
685.0398956;0.003306778;0.001301887;493.7331352;3.30E-05;0.000279224;
685.2092483;0.003304116;0.001300855;494.45766;3.26E-05;0.00027565;
685.3785685;0.003301519;0.001299874;495.1820093;3.23E-05;0.000272311;
685.5478563;0.003298954;0.001298935;495.906183;3.20E-05;0.000269196;
685.7171117;0.003296385;0.001298027;496.6301812;3.17E-05;0.000266293;
685.8863346;0.003293776;0.001297143;497.3540037;3.14E-05;0.000263591;
686.055525;0.003291095;0.001296271;498.0776504;3.11E-05;0.000261079;
686.2246831;0.003288304;0.001295402;498.8011215;3.09E-05;0.000258747;
686.3938086;0.003285382;0.001294528;499.5244167;3.07E-05;0.000256585;
686.5629017;0.003282348;0.001293647;500.247536;3.05E-05;0.000254585;
686.7319623;0.003279234;0.001292757;500.9704795;3.03E-05;0.000252737;
686.9009905;0.003276073;0.001291858;501.693247;3.01E-05;0.000251032;
687.0699862;0.003272896;0.001290948;502.4158384;2.99E-05;0.000249461;
687.2389495;0.003269735;0.001290026;503.1382538;2.98E-05;0.000248013;
687.4078802;0.003266622;0.001289091;503.8604931;2.97E-05;0.000246679;
687.5767785;0.003263581;0.001288143;504.5825562;2.95E-05;0.000245446;
687.7456443;0.003260609;0.001287182;505.3044431;2.94E-05;0.000244304;
687.9144776;0.003257697;0.00128621;506.0261537;2.93E-05;0.000243241;
688.0832785;0.003254833;0.00128523;506.747688;2.92E-05;0.000242247;
688.2520468;0.003252009;0.001284242;507.4690458;2.91E-05;0.00024131;
688.4207826;0.003249215;0.001283249;508.1902273;2.90E-05;0.000240423;
688.589486;0.003246439;0.001282252;508.9112323;2.89E-05;0.000239581;
688.7581568;0.003243676;0.001281254;509.6320607;2.89E-05;0.000238777;
688.9267952;0.003240927;0.00128026;510.3527125;2.88E-05;0.000238006;
689.095401;0.003238198;0.001279277;511.0731877;2.87E-05;0.00023726;
689.2639744;0.003235494;0.001278312;511.7934862;2.87E-05;0.000236533;
689.4325152;0.003232819;0.001277371;512.513608;2.86E-05;0.000235821;
689.6010235;0.00323018;0.001276461;513.2335529;2.85E-05;0.000235121;
689.7694993;0.003227582;0.001275588;513.953321;2.85E-05;0.000234433;
689.9379425;0.003225026;0.001274757;514.6729122;2.84E-05;0.000233754;
690.1063533;0.003222508;0.001273964;515.3923264;2.84E-05;0.000233085;
690.2747315;0.00322002;0.001273202;516.1115637;2.83E-05;0.000232424;
690.4430771;0.003217553;0.001272466;516.8306238;2.82E-05;0.000231769;
690.6113903;0.003215101;0.001271748;517.5495069;2.82E-05;0.000231121;
690.7796709;0.003212654;0.001271044;518.2682128;2.81E-05;0.000230477;
690.9479189;0.003210206;0.001270346;518.9867414;2.81E-05;0.000229837;
691.1161344;0.003207749;0.001269649;519.7050928;2.80E-05;0.0002292;
691.2843174;0.003205279;0.001268951;520.4232669;2.80E-05;0.000228563;
691.4524678;0.003202793;0.001268248;521.1412636;2.79E-05;0.000227926;
691.6205857;0.003200289;0.001267538;521.8590829;2.79E-05;0.000227289;
691.788671;0.003197762;0.00126682;522.5767247;2.78E-05;0.000226651;
691.9567237;0.00319521;0.001266091;523.294189;2.78E-05;0.000226013;
692.1247439;0.00319263;0.001265349;524.0114757;2.77E-05;0.000225377;
692.2927315;0.003190023;0.001264592;524.7285847;2.76E-05;0.000224743;
692.4606865;0.003187406;0.001263823;525.4455161;2.76E-05;0.000224112;
692.628609;0.003184802;0.001263047;526.1622697;2.75E-05;0.000223486;
692.7964988;0.003182232;0.001262266;526.8788456;2.75E-05;0.000222864;
692.9643561;0.003179718;0.001261485;527.5952436;2.74E-05;0.000222246;
693.1321809;0.003177283;0.001260708;528.3114637;2.74E-05;0.000221633;
693.299973;0.003174948;0.001259938;529.0275058;2.73E-05;0.000221023;
693.4677325;0.003172726;0.001259179;529.74337;2.73E-05;0.000220416;
693.6354595;0.0031706;0.001258427;530.4590561;2.72E-05;0.000219812;
693.8031538;0.003168542;0.001257682;531.1745641;2.72E-05;0.000219211;
693.9708156;0.003166527;0.00125694;531.8898939;2.71E-05;0.000218616;
694.1384447;0.003164529;0.001256197;532.6050455;2.71E-05;0.00021803;
694.3060412;0.003162519;0.001255452;533.3200189;2.70E-05;0.000217458;
694.4736052;0.003160474;0.001254701;534.0348139;2.70E-05;0.000216901;
694.6411365;0.003158371;0.001253944;534.7494306;2.69E-05;0.000216365;
694.8086352;0.003156217;0.001253185;535.4638689;2.69E-05;0.000215852;
694.9761013;0.003154024;0.001252432;536.1781287;2.69E-05;0.000215366;
695.1435347;0.003151802;0.001251691;536.89221;2.69E-05;0.000214909;
695.3109356;0.003149563;0.001250968;537.6061127;2.68E-05;0.000214482;
695.4783038;0.003147318;0.001250272;538.3198368;2.68E-05;0.000214086;
695.6456393;0.00314508;0.001249608;539.0333822;2.68E-05;0.000213723;
695.8129423;0.003142851;0.00124898;539.7467488;2.68E-05;0.000213395;
695.9802125;0.003140608;0.001248381;540.4599367;2.68E-05;0.000213103;
696.1474502;0.003138319;0.001247802;541.1729458;2.67E-05;0.000212847;
696.3146552;0.003135951;0.001247231;541.8857759;2.67E-05;0.000212626;
696.4818276;0.003133474;0.00124666;542.5984271;2.67E-05;0.000212437;
696.6489673;0.003130854;0.001246078;543.3108994;2.67E-05;0.000212278;
696.8160743;0.003128061;0.001245475;544.0231926;2.68E-05;0.000212144;
696.9831487;0.003125079;0.001244843;544.7353066;2.68E-05;0.000212034;
697.1501904;0.003121958;0.001244181;545.4472416;2.68E-05;0.000211945;
697.3171995;0.003118761;0.001243489;546.1589973;2.68E-05;0.000211874;
697.4841759;0.003115555;0.001242769;546.8705738;2.68E-05;0.000211818;
697.6511196;0.003112405;0.001242022;547.581971;2.69E-05;0.000211775;
697.8180307;0.003109375;0.001241247;548.2931888;2.69E-05;0.00021174;
697.984909;0.00310653;0.001240447;549.0042272;2.69E-05;0.000211712;
698.1517547;0.00310392;0.001239623;549.7150862;2.69E-05;0.000211688;
698.3185677;0.003101528;0.001238783;550.4257656;2.70E-05;0.000211665;
698.4853481;0.003099325;0.001237935;551.1362655;2.70E-05;0.00021164;
698.6520957;0.003097278;0.00123709;551.8465858;2.70E-05;0.000211614;
698.8188106;0.003095358;0.001236255;552.5567264;2.71E-05;0.000211584;
698.9854929;0.003093533;0.00123544;553.2666872;2.71E-05;0.000211549;
699.1521424;0.003091772;0.001234654;553.9764683;2.72E-05;0.000211509;
699.3187593;0.003090047;0.001233904;554.6860696;2.72E-05;0.00021146;
699.4853434;0.003088333;0.001233187;555.395491;2.72E-05;0.000211404;
699.6518948;0.00308661;0.001232501;556.1047324;2.73E-05;0.000211342;
699.8184135;0.003084857;0.00123184;556.8137939;2.73E-05;0.00021128;
699.9848995;0.003083053;0.001231201;557.5226753;2.74E-05;0.000211221;
700.1513528;0.003081175;0.001230581;558.2313767;2.74E-05;0.000211169;
700.3177733;0.003079203;0.001229974;558.9398979;2.74E-05;0.000211127;
700.4841611;0.003077125;0.001229378;559.6482389;2.75E-05;0.000211101;
700.6505162;0.003074962;0.001228791;560.3563996;2.75E-05;0.000211091;
700.8168386;0.003072745;0.001228214;561.0643801;2.76E-05;0.0002111;
700.9831282;0.003070505;0.001227644;561.7721802;2.76E-05;0.000211128;
701.1493851;0.003068273;0.001227083;562.4797999;2.77E-05;0.000211178;
701.3156092;0.003066078;0.001226528;563.1872392;2.77E-05;0.000211252;
701.4818006;0.003063951;0.00122598;563.894498;2.78E-05;0.00021135;
701.6479593;0.003061914;0.001225437;564.6015762;2.79E-05;0.000211473;
701.8140852;0.003059949;0.001224898;565.3084738;2.79E-05;0.000211617;
701.9801783;0.003058029;0.00122436;566.0151907;2.80E-05;0.000211776;
702.1462387;0.003056127;0.00122382;566.7217269;2.80E-05;0.000211945;
702.3122663;0.003054217;0.001223276;567.4280824;2.81E-05;0.000212117;
702.4782612;0.003052272;0.001222726;568.134257;2.81E-05;0.000212288;
702.6442233;0.003050265;0.001222167;568.8402508;2.82E-05;0.000212454;
702.8101526;0.003048178;0.001221598;569.5460636;2.83E-05;0.000212614;
702.9760491;0.003046019;0.001221024;570.2516955;2.83E-05;0.000212774;
703.1419129;0.003043808;0.001220452;570.9571463;2.84E-05;0.000212935;
703.3077439;0.003041562;0.001219889;571.6624161;2.84E-05;0.0002131;
703.4735421;0.0030393;0.001219341;572.3675047;2.85E-05;0.000213273;
703.6393075;0.003037037;0.001218815;573.0724121;2.85E-05;0.000213456;
703.8050401;0.003034794;0.001218317;573.7771383;2.86E-05;0.000213654;
703.9707399;0.003032583;0.00121785;574.4816833;2.86E-05;0.000213872;
704.1364069;0.003030408;0.001217406;575.1860468;2.87E-05;0.000214117;
704.3020412;0.003028266;0.001216969;575.890229;2.88E-05;0.000214398;
704.4676426;0.003026157;0.001216528;576.5942298;2.88E-05;0.00021472;
704.6332112;0.003024081;0.00121607;577.298049;2.89E-05;0.000215092;
704.798747;0.003022034;0.00121558;578.0016867;2.90E-05;0.00021552;
704.96425;0.003020018;0.001215046;578.7051428;2.91E-05;0.00021601;
705.1297202;0.003018032;0.00121446;579.4084172;2.92E-05;0.000216563;
705.2951575;0.003016086;0.001213831;580.11151;2.93E-05;0.00021718;
705.4605621;0.003014191;0.001213173;580.8144209;2.94E-05;0.000217859;
705.6259338;0.003012358;0.0012125;581.5171501;2.96E-05;0.000218602;
705.7912727;0.003010598;0.001211825;582.2196974;2.97E-05;0.000219408;
705.9565787;0.003008923;0.001211164;582.9220628;2.98E-05;0.000220274;
706.1218519;0.003007345;0.00121053;583.6242462;3.00E-05;0.000221186;
706.2870923;0.003005866;0.001209934;584.3262476;3.01E-05;0.00022213;
706.4522998;0.003004468;0.001209373;585.0280669;3.03E-05;0.000223088;
706.6174745;0.003003124;0.001208845;585.7297041;3.04E-05;0.000224045;
706.7826163;0.003001806;0.001208344;586.4311592;3.06E-05;0.000224985;
706.9477253;0.003000489;0.001207866;587.132432;3.07E-05;0.000225891;
707.1128014;0.002999145;0.001207405;587.8335225;3.09E-05;0.000226752;
707.2778447;0.002997747;0.001206959;588.5344307;3.10E-05;0.000227566;
707.4428551;0.002996278;0.001206521;589.2351565;3.11E-05;0.000228334;
707.6078327;0.002994743;0.001206089;589.9356998;3.12E-05;0.00022906;
707.7727773;0.00299316;0.00120566;590.6360607;3.13E-05;0.000229746;
707.9376891;0.002991543;0.001205229;591.3362391;3.14E-05;0.000230393;
708.1025681;0.002989908;0.001204793;592.0362348;3.15E-05;0.000231003;
708.2674141;0.002988269;0.00120435;592.7360479;3.16E-05;0.00023158;
708.4322273;0.002986642;0.001203894;593.4356783;3.17E-05;0.000232129;
708.5970075;0.002985039;0.001203425;594.135126;3.18E-05;0.000232659;
708.7617549;0.002983457;0.001202943;594.8343908;3.19E-05;0.000233176;
708.9264694;0.002981891;0.001202452;595.5334728;3.20E-05;0.000233687;
709.0911511;0.002980335;0.001201952;596.2323719;3.21E-05;0.0002342;
709.2557998;0.002978783;0.001201447;596.931088;3.22E-05;0.000234721;
709.4204156;0.00297723;0.00120094;597.6296212;3.23E-05;0.00023525;
709.5849985;0.002975669;0.001200432;598.3279712;3.24E-05;0.000235788;
709.7495485;0.002974096;0.001199925;599.0261382;3.25E-05;0.000236333;
709.9140656;0.002972506;0.001199418;599.7241219;3.26E-05;0.000236886;
710.0785498;0.002970892;0.001198907;600.4219225;3.27E-05;0.000237446;
710.243001;0.002969251;0.001198392;601.1195398;3.28E-05;0.000238013;
710.4074194;0.002967577;0.001197867;601.8169737;3.30E-05;0.000238586;
710.5718048;0.002965865;0.001197333;602.5142243;3.31E-05;0.000239165;
710.7361573;0.00296411;0.001196785;603.2112915;3.32E-05;0.00023975;
710.9004768;0.00296231;0.001196224;603.9081751;3.33E-05;0.00024034;
711.0647635;0.002960475;0.001195659;604.6048753;3.34E-05;0.000240935;
711.2290172;0.002958616;0.001195104;605.3013918;3.35E-05;0.000241534;
711.3932379;0.002956745;0.001194571;605.9977248;3.36E-05;0.000242137;
711.5574257;0.002954876;0.001194072;606.693874;3.37E-05;0.000242744;
711.7215806;0.002953019;0.001193619;607.3898395;3.38E-05;0.000243358;
711.8857025;0.002951186;0.001193226;608.0856212;3.39E-05;0.000243981;
712.0497915;0.002949388;0.001192899;608.781219;3.40E-05;0.000244618;
712.2138475;0.002947622;0.001192624;609.476633;3.42E-05;0.000245271;
712.3778705;0.002945883;0.001192382;610.171863;3.43E-05;0.000245943;
712.5418606;0.002944166;0.001192153;610.866909;3.44E-05;0.000246637;
712.7058177;0.002942466;0.001191917;611.5617709;3.45E-05;0.000247354;
712.8697419;0.002940779;0.001191657;612.2564488;3.46E-05;0.000248094;
713.0336331;0.0029391;0.001191352;612.9509425;3.47E-05;0.000248857;
713.1974913;0.002937422;0.001190987;613.6452519;3.49E-05;0.000249643;
713.3613165;0.002935743;0.001190565;614.3393771;3.50E-05;0.000250453;
713.5251088;0.002934054;0.001190092;615.033318;3.51E-05;0.000251286;
713.688868;0.002932352;0.001189574;615.7270745;3.52E-05;0.000252143;
713.8525943;0.002930631;0.001189018;616.4206466;3.54E-05;0.000253023;
714.0162876;0.002928886;0.001188431;617.1140343;3.55E-05;0.000253926;
714.1799479;0.00292711;0.001187818;617.8072374;3.56E-05;0.00025485;
714.3435752;0.002925302;0.001187187;618.5002559;3.57E-05;0.000255794;
714.5071695;0.002923477;0.001186549;619.1930898;3.59E-05;0.000256758;
714.6707307;0.002921651;0.001185913;619.885739;3.60E-05;0.00025774;
714.834259;0.002919841;0.00118529;620.5782035;3.61E-05;0.000258742;
714.9977543;0.002918066;0.001184691;621.2704832;3.63E-05;0.000259761;
715.1612165;0.002916341;0.001184127;621.9625781;3.64E-05;0.000260799;
715.3246458;0.002914686;0.001183608;622.654488;3.66E-05;0.000261854;
715.488042;0.002913111;0.001183142;623.3462131;3.67E-05;0.000262927;
715.6514052;0.002911611;0.001182726;624.0377531;3.68E-05;0.000264017;
715.8147354;0.002910172;0.001182353;624.7291081;3.70E-05;0.000265125;
715.9780325;0.002908782;0.001182016;625.420278;3.71E-05;0.000266249;
716.1412966;0.002907429;0.00118171;626.1112627;3.73E-05;0.00026739;
716.3045277;0.002906101;0.001181428;626.8020623;3.75E-05;0.000268547;
716.4677257;0.002904786;0.001181164;627.4926766;3.76E-05;0.000269721;
716.6308907;0.002903475;0.001180912;628.1831055;3.78E-05;0.000270911;
716.7940227;0.00290217;0.001180669;628.8733492;3.79E-05;0.000272116;
716.9571216;0.002900878;0.00118043;629.5634074;3.81E-05;0.000273338;
717.1201874;0.002899603;0.001180193;630.2532801;3.83E-05;0.000274574;
717.2832202;0.002898352;0.001179955;630.9429673;3.84E-05;0.000275823;
717.4462199;0.002897131;0.001179712;631.632469;3.86E-05;0.000277084;
717.6091866;0.002895945;0.001179462;632.321785;3.88E-05;0.000278355;
717.7721202;0.002894792;0.001179201;633.0109154;3.90E-05;0.000279635;
717.9350207;0.002893641;0.001178925;633.69986;3.91E-05;0.000280924;
718.0978882;0.002892452;0.001178628;634.3886189;3.93E-05;0.000282219;
718.2607226;0.002891186;0.001178308;635.0771919;3.95E-05;0.000283522;
718.4235239;0.002889803;0.001177959;635.7655791;3.97E-05;0.000284831;
718.5862921;0.002888265;0.001177577;636.4537803;3.98E-05;0.000286146;
718.7490272;0.002886532;0.001177158;637.1417955;4.00E-05;0.000287466;
718.9117293;0.002884587;0.001176699;637.8296247;4.02E-05;0.000288792;
719.0743982;0.002882496;0.001176214;638.5172678;4.04E-05;0.000290123;
719.2370341;0.00288035;0.001175717;639.2047248;4.06E-05;0.000291459;
719.3996369;0.002878235;0.001175222;639.8919956;4.08E-05;0.000292802;
719.5622065;0.002876242;0.001174744;640.5790801;4.10E-05;0.000294152;
719.7247431;0.002874458;0.001174297;641.2659783;4.12E-05;0.00029551;
719.8872466;0.002872972;0.001173897;641.9526902;4.13E-05;0.000296877;
720.0497169;0.002871843;0.001173555;642.6392156;4.15E-05;0.000298253;
720.2121541;0.002871018;0.001173265;643.3255547;4.17E-05;0.000299639;
720.3745583;0.002870414;0.00117302;644.0117072;4.19E-05;0.000301033;
720.5369293;0.002869947;0.001172811;644.6976731;4.21E-05;0.000302431;
720.6992671;0.002869537;0.001172629;645.3834524;4.23E-05;0.000303831;
720.8615719;0.002869101;0.001172468;646.0690451;4.25E-05;0.000305228;
721.0238435;0.002868555;0.001172318;646.7544511;4.27E-05;0.000306621;
721.186082;0.002867835;0.001172171;647.4396702;4.29E-05;0.000308008;
721.3482873;0.002866937;0.001172015;648.1247026;4.31E-05;0.000309388;
721.5104595;0.002865872;0.001171839;648.8095481;4.33E-05;0.000310767;
721.6725986;0.002864654;0.001171631;649.4942067;4.35E-05;0.000312144;
721.8347045;0.002863293;0.001171381;650.1786783;4.37E-05;0.000313524;
721.9967773;0.002861803;0.001171075;650.8629628;4.39E-05;0.000314909;
722.1588169;0.002860195;0.001170703;651.5470603;4.41E-05;0.000316301;
722.3208234;0.002858486;0.001170259;652.2309706;4.43E-05;0.000317702;
722.4827967;0.002856708;0.001169762;652.9146938;4.45E-05;0.000319111;
722.6447368;0.002854897;0.001169235;653.5982297;4.47E-05;0.00032053;
722.8066438;0.002853091;0.001168703;654.2815783;4.49E-05;0.000321957;
722.9685176;0.002851324;0.001168191;654.9647396;4.51E-05;0.000323391;
723.1303582;0.002849634;0.001167721;655.6477135;4.53E-05;0.000324833;
723.2921657;0.002848057;0.001167318;656.3304999;4.55E-05;0.000326282;
723.4539399;0.002846618;0.001167;657.0130989;4.57E-05;0.000327737;
723.615681;0.002845292;0.001166755;657.6955103;4.59E-05;0.000329197;
723.777389;0.002844047;0.001166565;658.3777341;4.61E-05;0.000330661;
723.9390637;0.002842846;0.001166411;659.0597702;4.63E-05;0.000332127;
724.1007052;0.002841656;0.001166275;659.7416186;4.65E-05;0.000333595;
724.2623135;0.002840442;0.00116614;660.4232793;4.68E-05;0.000335062;
724.4238887;0.002839169;0.001165985;661.1047521;4.70E-05;0.000336528;
724.5854306;0.002837811;0.001165798;661.7860371;4.72E-05;0.000337993;
724.7469394;0.00283638;0.001165574;662.4671342;4.74E-05;0.000339456;
724.9084149;0.002834896;0.001165316;663.1480433;4.76E-05;0.000340919;
725.0698572;0.002833377;0.001165024;663.8287644;4.79E-05;0.00034238;
725.2312663;0.002831844;0.001164699;664.5092974;4.81E-05;0.000343842;
725.3926422;0.002830316;0.001164341;665.1896422;4.83E-05;0.000345302;
725.5539849;0.002828813;0.001163953;665.8697989;4.86E-05;0.000346763;
725.7152943;0.002827353;0.001163535;666.5497674;4.88E-05;0.000348224;
725.8765705;0.002825945;0.001163101;667.2295476;4.90E-05;0.000349685;
726.0378135;0.002824599;0.001162663;667.9091395;4.92E-05;0.000351146;
726.1990233;0.002823322;0.001162234;668.5885429;4.95E-05;0.000352607;
726.3601998;0.002822123;0.001161827;669.267758;4.97E-05;0.00035407;
726.5213431;0.002821011;0.001161457;669.9467845;4.99E-05;0.000355533;
726.6824531;0.002819993;0.001161135;670.6256225;5.01E-05;0.000357002;
726.8435299;0.002819071;0.001160871;671.3042719;5.03E-05;0.000358479;
727.0045734;0.002818221;0.001160656;671.9827326;5.06E-05;0.000359969;
727.1655837;0.002817412;0.001160479;672.6610047;5.08E-05;0.000361476;
727.3265607;0.002816613;0.001160325;673.339088;5.10E-05;0.000363003;
727.4875045;0.002815793;0.001160182;674.0169825;5.12E-05;0.000364554;
727.648415;0.00281492;0.001160038;674.6946881;5.15E-05;0.000366134;
727.8092923;0.002813964;0.001159879;675.3722048;5.17E-05;0.000367744;
727.9701362;0.002812905;0.001159698;676.0495326;5.20E-05;0.000369388;
728.1309469;0.00281177;0.001159499;676.7266714;5.22E-05;0.000371067;
728.2917244;0.002810597;0.001159293;677.4036211;5.25E-05;0.000372785;
728.4524685;0.002809422;0.001159088;678.0803816;5.28E-05;0.000374544;
728.6131794;0.002808284;0.001158895;678.756953;5.30E-05;0.000376345;
728.773857;0.002807221;0.001158722;679.4333352;5.33E-05;0.000378192;
728.9345013;0.00280627;0.00115858;680.1095281;5.36E-05;0.000380079;
729.0951123;0.002805459;0.001158474;680.7855317;5.39E-05;0.000382001;
729.25569;0.002804782;0.001158402;681.4613459;5.42E-05;0.000383955;
729.4162344;0.002804219;0.001158355;682.1369707;5.44E-05;0.000385935;
729.5767455;0.002803756;0.001158326;682.812406;5.47E-05;0.000387935;
729.7372233;0.002803376;0.00115831;683.4876517;5.50E-05;0.000389953;
729.8976678;0.002803061;0.001158298;684.1627079;5.53E-05;0.000391986;
730.058079;0.002802794;0.001158284;684.8375744;5.56E-05;0.000394034;
730.2184568;0.002802556;0.00115826;685.5122513;5.60E-05;0.000396096;
730.3788014;0.002802304;0.001158217;686.1867384;5.63E-05;0.000398172;
730.5391126;0.002801996;0.001158145;686.8610357;5.66E-05;0.000400261;
730.6993905;0.002801587;0.001158033;687.5351431;5.69E-05;0.000402362;
730.8596351;0.002801031;0.001157873;688.2090607;5.72E-05;0.000404476;
731.0198464;0.002800286;0.001157654;688.8827883;5.76E-05;0.000406603;
731.1800243;0.002799307;0.001157366;689.5563259;5.79E-05;0.000408744;
731.3401689;0.002798066;0.001157005;690.2296734;5.82E-05;0.000410901;
731.5002801;0.002796607;0.001156587;690.9028308;5.85E-05;0.000413075;
731.660358;0.002794989;0.001156133;691.5757981;5.89E-05;0.000415267;
731.8204026;0.002793274;0.001155666;692.2485752;5.92E-05;0.000417477;
731.9804138;0.002791521;0.001155206;692.9211619;5.96E-05;0.000419708;
732.1403916;0.002789789;0.001154776;693.5935584;5.99E-05;0.000421957;
732.3003361;0.002788139;0.001154397;694.2657645;6.02E-05;0.000424224;
732.4602473;0.002786616;0.001154085;694.9377802;6.06E-05;0.000426507;
732.6201251;0.002785211;0.001153835;695.6096054;6.09E-05;0.000428803;
732.7799695;0.0027839;0.001153636;696.2812401;6.13E-05;0.000431113;
732.9397805;0.00278266;0.001153478;696.9526842;6.17E-05;0.000433434;
733.0995582;0.002781466;0.001153349;697.6239376;6.20E-05;0.000435761;
733.2593025;0.002780295;0.001153239;698.2950004;6.24E-05;0.000438091;
733.4190134;0.002779125;0.001153138;698.9658725;6.28E-05;0.000440419;
733.5786909;0.002777935;0.001153035;699.6365537;6.31E-05;0.000442741;
733.7383351;0.002776727;0.001152923;700.3070442;6.35E-05;0.000445052;
733.8979458;0.002775506;0.001152795;700.9773437;6.39E-05;0.000447347;
734.0575232;0.002774278;0.001152644;701.6474523;6.42E-05;0.000449625;
734.2170671;0.002773048;0.001152464;702.3173699;6.46E-05;0.000451889;
734.3765777;0.002771822;0.001152247;702.9870964;6.50E-05;0.000454146;
734.5360549;0.002770605;0.001151988;703.6566318;6.54E-05;0.0004564;
734.6954987;0.002769407;0.001151682;704.3259761;6.57E-05;0.000458659;
734.854909;0.002768257;0.001151347;704.9951292;6.61E-05;0.000460929;
735.014286;0.002767185;0.001151002;705.664091;6.65E-05;0.000463214;
735.1736295;0.002766225;0.001150667;706.3328615;6.69E-05;0.00046552;
735.3329396;0.002765408;0.001150363;707.0014407;6.73E-05;0.000467849;
735.4922163;0.002764766;0.001150108;707.6698284;6.77E-05;0.000470201;
735.6514596;0.002764331;0.001149925;708.3380247;6.80E-05;0.000472577;
735.8106694;0.002764118;0.001149824;709.0060295;6.84E-05;0.000474977;
735.9698459;0.002764072;0.001149791;709.6738426;6.88E-05;0.000477401;
736.1289888;0.002764119;0.001149802;710.3414642;6.92E-05;0.00047985;
736.2880984;0.002764187;0.001149835;711.0088941;6.96E-05;0.000482324;
736.4471745;0.002764203;0.001149867;711.6761323;7.00E-05;0.00048482;
736.6062172;0.002764095;0.001149876;712.3431786;7.04E-05;0.000487337;
736.7652264;0.002763791;0.001149839;713.0100332;7.08E-05;0.000489875;
736.9242021;0.002763237;0.001149738;713.6766959;7.12E-05;0.000492433;
737.0831445;0.00276246;0.001149577;714.3431666;7.16E-05;0.000495009;
737.2420533;0.002761507;0.001149367;715.0094453;7.20E-05;0.000497601;
737.4009287;0.002760424;0.001149117;715.675532;7.24E-05;0.000500209;
737.5597706;0.002759256;0.001148837;716.3414266;7.28E-05;0.000502828;
737.7185791;0.00275805;0.001148535;717.0071291;7.33E-05;0.000505458;
737.8773541;0.002756852;0.001148223;717.6726394;7.37E-05;0.000508096;
738.0360956;0.002755703;0.001147909;718.3379574;7.41E-05;0.000510739;
738.1948037;0.002754624;0.001147608;719.0030831;7.45E-05;0.000513386;
738.3534783;0.002753631;0.001147333;719.6680165;7.49E-05;0.000516038;
738.5121194;0.00275274;0.001147098;720.3327574;7.53E-05;0.000518698;
738.670727;0.002751968;0.001146916;720.9973059;7.57E-05;0.000521368;
738.8293011;0.00275133;0.001146802;721.6616619;7.61E-05;0.00052405;
738.9878417;0.002750843;0.001146769;722.3258254;7.66E-05;0.000526745;
739.1463489;0.002750511;0.001146824;722.9897962;7.70E-05;0.000529458;
739.3048225;0.002750293;0.001146944;723.6535743;7.74E-05;0.000532188;
739.4632626;0.002750137;0.001147099;724.3171598;7.78E-05;0.00053494;
739.6216692;0.002749991;0.00114726;724.9805524;7.82E-05;0.000537716;
739.7800424;0.002749803;0.001147396;725.6437522;7.87E-05;0.000540519;
739.938382;0.002749521;0.001147477;726.3067592;7.91E-05;0.000543351;
740.0966881;0.002749093;0.001147474;726.9695732;7.95E-05;0.000546216;
740.2549606;0.00274848;0.001147367;727.6321943;8.00E-05;0.000549116;
740.4131997;0.002747703;0.001147168;728.2946223;8.04E-05;0.000552053;
740.5714052;0.002746795;0.001146902;728.9568573;8.09E-05;0.000555027;
740.7295772;0.002745788;0.001146591;729.6188991;8.13E-05;0.000558035;
740.8877157;0.002744716;0.001146257;730.2807477;8.18E-05;0.000561078;
741.0458207;0.002743612;0.001145924;730.942403;8.22E-05;0.000564152;
741.2038921;0.002742509;0.001145615;731.6038651;8.27E-05;0.000567258;
741.3619299;0.002741439;0.001145349;732.2651339;8.32E-05;0.000570395;
741.5199343;0.002740432;0.001145135;732.9262092;8.37E-05;0.000573572;
741.677905;0.002739513;0.001144976;733.5870911;8.42E-05;0.0005768;
741.8358423;0.002738712;0.00114488;734.2477795;8.47E-05;0.000580089;
741.9937459;0.002738056;0.00114485;734.9082743;8.52E-05;0.000583449;
742.151616;0.002737571;0.001144892;735.5685755;8.58E-05;0.000586892;
742.3094526;0.002737287;0.00114501;736.2286831;8.63E-05;0.000590426;
742.4672556;0.002737211;0.001145204;736.888597;8.69E-05;0.000594059;
742.625025;0.002737279;0.00114545;737.5483171;8.74E-05;0.000597781;
742.7827609;0.002737408;0.001145718;738.2078433;8.80E-05;0.000601579;
742.9404632;0.002737516;0.001145979;738.8671757;8.86E-05;0.000605437;
743.0981319;0.00273752;0.001146201;739.5263142;8.92E-05;0.000609344;
743.255767;0.002737338;0.001146357;740.1852588;8.98E-05;0.000613284;
743.4133685;0.002736887;0.001146416;740.8440093;9.03E-05;0.000617245;
743.5709365;0.002736113;0.001146358;741.5025657;9.09E-05;0.000621212;
743.7284709;0.002735072;0.0011462;742.160928;9.15E-05;0.000625172;
743.8859717;0.002733849;0.001145969;742.8190961;9.21E-05;0.000629109;
744.0434389;0.002732529;0.001145692;743.47707;9.27E-05;0.000633009;
744.2008724;0.002731195;0.001145395;744.1348496;9.33E-05;0.000636858;
744.3582724;0.002729933;0.001145104;744.7924348;9.39E-05;0.000640641;
744.5156388;0.002728825;0.001144846;745.4498257;9.45E-05;0.00064435;
744.6729716;0.002727939;0.001144643;746.1070222;9.51E-05;0.000648;
744.8302708;0.002727272;0.001144497;746.7640241;9.57E-05;0.000651612;
744.9875363;0.002726806;0.001144403;747.4208315;9.63E-05;0.000655208;
745.1447682;0.002726521;0.00114436;748.0774443;9.69E-05;0.000658809;
745.3019666;0.002726398;0.001144363;748.7338624;9.76E-05;0.000662437;
745.4591312;0.002726417;0.00114441;749.3900859;9.82E-05;0.000666112;
745.6162623;0.002726559;0.001144498;750.0461146;9.88E-05;0.000669853;
745.7733597;0.002726799;0.00114462;750.7019485;9.95E-05;0.000673668;
745.9304235;0.00272709;0.001144758;751.3575875;0.000100147;0.00067756;
746.0874537;0.002727376;0.001144891;752.0130316;0.000100821;0.000681533;
746.2444502;0.002727604;0.001144998;752.6682807;0.000101507;0.000685593;
746.4014131;0.002727721;0.001145057;753.3233349;0.000102205;0.000689743;
746.5583423;0.002727672;0.001145049;753.978194;0.000102916;0.000693987;
746.7152379;0.002727403;0.001144951;754.6328579;0.000103641;0.000698332;
746.8720998;0.00272688;0.001144751;755.2873267;0.000104379;0.000702782;
747.0289281;0.002726137;0.001144474;755.9416002;0.000105131;0.000707341;
747.1857227;0.002725229;0.001144149;756.5956785;0.000105897;0.000712017;
747.3424836;0.00272421;0.001143809;757.2495615;0.000106677;0.000716812;
747.4992109;0.002723133;0.001143485;757.903249;0.000107472;0.000721734;
747.6559045;0.002722052;0.00114321;758.5567412;0.000108282;0.000726784;
747.8125645;0.00272102;0.001143014;759.2100378;0.000109106;0.000731961;
747.9691907;0.002720081;0.001142921;759.8631389;0.000109945;0.00073726;
748.1257833;0.002719238;0.001142924;760.5160445;0.000110798;0.000742675;
748.2823422;0.002718481;0.001143006;761.1687543;0.000111665;0.000748203;
748.4388674;0.002717804;0.001143152;761.8212685;0.000112546;0.000753839;
748.595359;0.002717198;0.001143345;762.473587;0.00011344;0.000759578;
748.7518168;0.002716656;0.001143571;763.1257096;0.000114348;0.000765417;
748.9082409;0.00271617;0.001143813;763.7776364;0.000115269;0.000771352;
749.0646314;0.002715728;0.001144056;764.4293673;0.000116202;0.000777383;
749.2209881;0.002715309;0.001144287;765.0809022;0.000117149;0.000783507;
749.3773112;0.002714887;0.001144492;765.7322412;0.000118109;0.000789723;
749.5336005;0.002714437;0.00114466;766.383384;0.000119081;0.000796029;
749.6898561;0.002713934;0.001144778;767.0343308;0.000120067;0.000802428;
749.846078;0.002713351;0.001144832;767.6850814;0.000121068;0.000808936;
750.0022662;0.002712665;0.00114481;768.3356358;0.000122087;0.000815573;
750.1584207;0.00271186;0.001144707;768.9859939;0.000123128;0.000822359;
750.3145414;0.002710965;0.001144544;769.6361557;0.000124192;0.000829315;
750.4706284;0.002710019;0.001144354;770.2861211;0.000125283;0.000836461;
750.6266817;0.002709062;0.001144164;770.9358901;0.000126403;0.000843817;
750.7827012;0.002708131;0.001144005;771.5854626;0.000127555;0.000851397;
750.938687;0.002707267;0.001143908;772.2348386;0.000128737;0.000859196;
751.0946391;0.002706507;0.001143901;772.884018;0.000129948;0.000867201;
751.2505574;0.002705883;0.001144005;773.5330008;0.000131186;0.000875399;
751.406442;0.002705393;0.001144204;774.1817869;0.000132448;0.000883779;
751.5622928;0.002705025;0.001144471;774.8303763;0.000133733;0.000892328;
751.7181099;0.002704769;0.00114478;775.4787688;0.00013504;0.000901035;
751.8738932;0.002704614;0.001145105;776.1269645;0.000136365;0.00090988;
752.0296428;0.002704549;0.00114542;776.7749634;0.000137697;0.000918811;
752.1853586;0.002704565;0.001145699;777.4227653;0.000139027;0.000927768;
752.3410406;0.002704647;0.001145921;778.0703701;0.000140342;0.000936693;
752.4966889;0.002704769;0.001146083;778.717778;0.000141631;0.000945526;
752.6523034;0.002704903;0.00114619;779.3649887;0.000142884;0.000954209;
752.8078841;0.00270502;0.001146243;780.0120023;0.00014409;0.000962683;
752.963431;0.002705091;0.001146246;780.6588187;0.00014524;0.000970892;
753.1189442;0.002705086;0.001146201;781.3054378;0.00014633;0.00097878;
753.2744235;0.002704978;0.001146111;781.9518596;0.000147351;0.000986291;
753.4298691;0.002704747;0.001145982;782.598084;0.000148298;0.000993372;
753.5852809;0.002704413;0.001145826;783.244111;0.000149164;0.000999964;
753.7406589;0.002704005;0.001145658;783.8899406;0.000149941;0.001006015;
753.8960031;0.002703552;0.001145494;784.5355726;0.000150627;0.001011481;
754.0513135;0.002703083;0.001145348;785.181007;0.000151225;0.001016374;
754.20659;0.002702626;0.001145235;785.8262439;0.000151742;0.001020718;
754.3618328;0.002702212;0.001145171;786.471283;0.000152184;0.001024537;
754.5170418;0.002701861;0.001145166;787.1161244;0.000152558;0.001027855;
754.6722169;0.002701563;0.001145214;787.7607681;0.00015287;0.001030695;
754.8273583;0.0027013;0.001145305;788.4052139;0.000153127;0.001033082;
754.9824658;0.002701054;0.001145428;789.0494618;0.000153337;0.001035049;
755.1375394;0.002700807;0.001145572;789.6935118;0.000153508;0.001036663;
755.2925793;0.002700542;0.001145728;790.3373638;0.000153651;0.001038;
755.4475853;0.002700241;0.001145886;790.9810178;0.000153777;0.001039137;
755.6025575;0.002699888;0.001146035;791.6244736;0.000153895;0.00104015;
755.7574959;0.002699476;0.00114617;792.2677313;0.000154017;0.001041114;
755.9124004;0.002699001;0.001146289;792.9107908;0.000154152;0.0010421;
756.0672711;0.002698458;0.001146386;793.5536521;0.000154304;0.001043154;
756.2221079;0.002697843;0.001146459;794.1963151;0.000154479;0.001044319;
756.3769109;0.002697151;0.001146503;794.8387797;0.00015468;0.001045636;
756.53168;0.002696377;0.001146513;795.4810459;0.000154912;0.001047145;
756.6864153;0.002695527;0.00114649;796.1231136;0.000155179;0.001048889;
756.8411167;0.002694639;0.001146442;796.7649828;0.000155486;0.001050908;
756.9957842;0.002693762;0.001146383;797.4066535;0.000155836;0.001053238;
757.1504179;0.002692946;0.001146325;798.0481255;0.000156229;0.001055891;
757.3050177;0.002692238;0.001146279;798.6893989;0.000156663;0.001058873;
757.4595836;0.002691687;0.00114626;799.3304735;0.000157138;0.001062191;
757.6141157;0.002691342;0.001146278;799.9713494;0.000157653;0.001065852;
757.7686138;0.002691238;0.001146346;800.6120265;0.000158206;0.001069861;
757.9230781;0.002691363;0.001146464;801.2525046;0.000158797;0.001074222;
758.0775085;0.002691692;0.001146634;801.8927839;0.000159427;0.001078922;
758.2319051;0.0026922;0.001146856;802.5328642;0.000160094;0.001083944;
758.3862677;0.002692861;0.001147131;803.1727454;0.000160799;0.001089274;
758.5405964;0.002693651;0.001147458;803.8124275;0.000161542;0.001094894;
758.6948913;0.002694544;0.001147839;804.4519105;0.000162324;0.001100788;
758.8491522;0.002695511;0.001148271;805.0911943;0.000163144;0.001106941;
759.0033792;0.002696501;0.001148739;805.7302789;0.000164003;0.001113338;
759.1575723;0.002697457;0.001149227;806.3691642;0.000164897;0.001119968;
759.3117315;0.002698325;0.001149716;807.0078501;0.000165826;0.001126825;
759.4658568;0.002699047;0.00115019;807.6463367;0.000166785;0.0011339;
759.6199482;0.002699568;0.001150632;808.2846237;0.000167773;0.001141185;
759.7740057;0.002699833;0.001151023;808.9227113;0.000168787;0.001148671;
759.9280292;0.002699804;0.001151351;809.5605993;0.000169825;0.001156351;
760.0820188;0.002699522;0.001151618;810.1982877;0.000170884;0.001164218;
760.2359745;0.002699045;0.001151831;810.8357765;0.000171964;0.001172272;
760.3898962;0.002698432;0.001151996;811.4730655;0.000173067;0.001180517;
760.543784;0.002697741;0.001152119;812.1101548;0.000174192;0.001188953;
760.6976379;0.002697032;0.001152207;812.7470443;0.000175341;0.001197583;
760.8514578;0.002696361;0.001152266;813.3837338;0.000176512;0.00120641;
761.0052437;0.002695779;0.001152302;814.0202235;0.000177708;0.001215434;
761.1589958;0.002695301;0.00115232;814.6565132;0.000178929;0.001224653;
761.3127138;0.002694932;0.001152325;815.2926029;0.000180173;0.001234067;
761.4663979;0.002694679;0.001152321;815.9284925;0.000181443;0.001243671;
761.6200481;0.002694547;0.001152314;816.5641819;0.000182737;0.001253464;
761.7736642;0.002694542;0.001152307;817.1996712;0.000184056;0.001263443;
761.9272465;0.002694671;0.001152306;817.8349602;0.0001854;0.001273607;
762.0807947;0.002694931;0.001152314;818.470049;0.00018677;0.001283953;
762.234309;0.002695284;0.001152324;819.1049374;0.000188166;0.001294489;
762.3877893;0.002695687;0.001152332;819.7396254;0.000189588;0.001305223;
762.5412356;0.002696093;0.001152329;820.374113;0.000191037;0.001316163;
762.6946479;0.002696459;0.00115231;821.0084001;0.000192515;0.001327317;
762.8480263;0.002696738;0.001152267;821.6424866;0.000194021;0.001338693;
763.0013706;0.002696886;0.001152194;822.2763726;0.000195557;0.001350299;
763.154681;0.002696875;0.001152089;822.9100579;0.000197122;0.001362145;
763.3079574;0.002696739;0.001151968;823.5435424;0.000198718;0.001374252;
763.4611998;0.002696531;0.001151852;824.1768263;0.000200345;0.001386642;
763.6144081;0.0026963;0.001151763;824.8099093;0.000202003;0.001399337;
763.7675825;0.002696099;0.001151722;825.4427914;0.000203692;0.001412361;
763.9207229;0.002695979;0.001151748;826.0754727;0.000205413;0.001425734;
764.0738292;0.002695991;0.001151864;826.707953;0.000207166;0.001439473;
764.2269015;0.00269617;0.001152082;827.3402322;0.000208951;0.001453566;
764.3799398;0.002696495;0.001152384;827.9723104;0.000210767;0.001467991;
764.5329441;0.002696928;0.001152742;828.6041875;0.000212614;0.001482732;
764.6859144;0.002697433;0.001153131;829.2358634;0.000214492;0.001497767;
764.8388506;0.002697972;0.001153523;829.867338;0.000216399;0.001513078;
764.9917529;0.002698508;0.001153892;830.4986114;0.000218336;0.001528645;
765.144621;0.002699005;0.001154212;831.1296835;0.000220302;0.001544453;
765.2974552;0.002699431;0.001154461;831.7605542;0.000222296;0.001560494;
765.4502553;0.002699776;0.001154637;832.3912234;0.000224318;0.001576765;
765.6030213;0.002700036;0.001154745;833.0216912;0.000226366;0.001593262;
765.7557533;0.002700208;0.001154789;833.6519574;0.00022844;0.001609982;
765.9084513;0.002700286;0.001154771;834.282022;0.000230538;0.001626921;
766.0611152;0.002700267;0.001154697;834.911885;0.000232661;0.001644075;
766.213745;0.002700147;0.001154569;835.5415463;0.000234807;0.00166144;
766.3663408;0.002699927;0.001154395;836.1710058;0.000236978;0.001679017;
766.5189025;0.002699636;0.001154194;836.8002635;0.000239172;0.001696805;
766.6714302;0.002699306;0.001153991;837.4293194;0.000241391;0.001714803;
766.8239237;0.002698972;0.001153809;838.0581734;0.000243635;0.00173301;
766.9763833;0.002698667;0.001153672;838.6868254;0.000245904;0.001751427;
767.1288087;0.002698424;0.001153602;839.3152754;0.0002482;0.001770054;
767.2812;0.002698277;0.001153623;839.9435234;0.000250522;0.001788894;
767.4335573;0.002698253;0.00115375;840.5715692;0.000252871;0.001807952;
767.5858805;0.002698352;0.001153969;841.1994129;0.000255249;0.001827231;
767.7381696;0.002698565;0.001154254;841.8270543;0.000257655;0.001846737;
767.8904246;0.002698888;0.001154582;842.4544935;0.000260091;0.001866474;
768.0426455;0.002699313;0.00115493;843.0817304;0.000262557;0.001886446;
768.1948323;0.002699832;0.001155274;843.7087649;0.000265053;0.001906656;
768.346985;0.00270044;0.00115559;844.3355969;0.00026758;0.001927095;
768.4991036;0.002701123;0.001155858;844.9622265;0.000270136;0.001947754;
768.6511881;0.002701841;0.001156074;845.5886536;0.000272722;0.001968624;
768.8032385;0.002702549;0.001156234;846.214878;0.000275337;0.001989696;
768.9552548;0.002703201;0.00115634;846.8408999;0.00027798;0.002010959;
769.1072369;0.002703751;0.001156387;847.466719;0.000280651;0.002032408;
769.2591849;0.002704154;0.001156376;848.0923354;0.000283349;0.002054047;
769.4110988;0.002704364;0.001156305;848.717749;0.000286074;0.002075883;
769.5629786;0.002704351;0.001156176;849.3429598;0.000288823;0.002097925;
769.7148243;0.002704152;0.001156015;849.9679677;0.000291597;0.002120179;
769.8666358;0.00270382;0.001155848;850.5927726;0.000294395;0.002142652;
770.0184131;0.002703406;0.001155705;851.2173745;0.000297215;0.002165354;
770.1701564;0.002702964;0.001155614;851.8417734;0.000300057;0.002188294;
770.3218655;0.002702545;0.001155603;852.4659692;0.000302922;0.002211499;
770.4735404;0.002702202;0.001155701;853.0899618;0.000305812;0.002234998;
770.6251812;0.002701977;0.001155927;853.7137512;0.000308726;0.002258822;
770.7767878;0.00270188;0.001156269;854.3373373;0.000311667;0.002283001;
770.9283603;0.002701911;0.001156707;854.9607201;0.000314636;0.002307563;
771.0798986;0.00270207;0.001157222;855.5838996;0.000317634;0.002332539;
771.2314028;0.002702356;0.001157791;856.2068756;0.000320662;0.002357956;
771.3828727;0.00270277;0.001158395;856.8296482;0.000323723;0.002383827;
771.5343086;0.002703311;0.001159014;857.4522172;0.000326822;0.002410165;
771.6857102;0.002703972;0.001159628;858.0745827;0.00032996;0.002436982;
771.8370777;0.002704715;0.001160217;858.6967445;0.000333143;0.002464289;
771.988411;0.002705493;0.001160759;859.3187027;0.000336373;0.002492099;
772.1397101;0.002706261;0.001161237;859.9404571;0.000339653;0.002520419;
772.290975;0.002706971;0.001161629;860.5620078;0.000342983;0.002549248;
772.4422057;0.002707579;0.001161916;861.1833546;0.000346362;0.002578582;
772.5934022;0.002708037;0.001162079;861.8044975;0.000349791;0.002608414;
772.7445646;0.002708315;0.001162105;862.4254365;0.000353268;0.002638739;
772.8956927;0.002708431;0.00116202;863.0461715;0.000356793;0.002669554;
773.0467867;0.002708419;0.001161858;863.6667024;0.000360365;0.002700853;
773.1978464;0.002708312;0.001161653;864.2870293;0.000363986;0.002732632;
773.3488719;0.002708143;0.001161438;864.907152;0.000367656;0.002764892;
773.4998632;0.002707946;0.001161248;865.5270705;0.00037138;0.002797635;
773.6508203;0.002707754;0.001161116;866.1467847;0.000375162;0.002830863;
773.8017432;0.002707601;0.00116107;866.7662947;0.000379005;0.002864577;
773.9526319;0.00270753;0.001161118;867.3856003;0.000382912;0.00289878;
774.1034863;0.002707585;0.001161261;868.0047014;0.000386886;0.002933474;
774.2543065;0.00270781;0.001161503;868.6235982;0.000390932;0.002968666;
774.4050925;0.002708249;0.001161843;869.2422904;0.000395049;0.003004384;
774.5558442;0.002708945;0.001162286;869.860778;0.000399239;0.003040663;
774.7065617;0.002709943;0.001162832;870.479061;0.000403503;0.003077538;
774.857245;0.002711262;0.001163477;871.0971393;0.000407842;0.003115041;
775.007894;0.002712819;0.001164191;871.715013;0.000412256;0.003153208;
775.1585088;0.002714507;0.001164936;872.3326818;0.000416747;0.003192069;
775.3090893;0.002716221;0.001165677;872.9501458;0.000421319;0.003231649;
775.4596355;0.002717853;0.001166375;873.5674049;0.000425977;0.003271968;
775.6101476;0.002719298;0.001166994;874.1844591;0.000430726;0.003313048;
775.7606253;0.002720448;0.001167497;874.8013084;0.000435572;0.00335491;
775.9110688;0.002721226;0.001167857;875.4179525;0.000440518;0.003397575;
776.061478;0.002721665;0.001168086;876.0343916;0.00044557;0.003441064;
776.2118529;0.002721825;0.001168205;876.6506256;0.000450734;0.003485413;
776.3621936;0.002721766;0.001168234;877.2666544;0.000456017;0.003530708;
776.5125;0.00272155;0.001168194;877.8824779;0.000461427;0.003577053;
776.6627721;0.002721236;0.001168107;878.4980961;0.000466972;0.00362455;
776.81301;0.002720885;0.001167993;879.113509;0.00047266;0.003673299;
776.9632135;0.002720551;0.001167872;879.7287164;0.0004785;0.003723403;
777.1133828;0.002720269;0.001167762;880.3437184;0.0004845;0.003774963;
777.2635177;0.002720067;0.001167679;880.9585149;0.00049068;0.003828085;
777.4136184;0.002719974;0.001167639;881.5731059;0.000497057;0.003882872;
777.5636848;0.002720019;0.001167661;882.1874912;0.000503652;0.00393943;
777.7137168;0.00272023;0.001167759;882.8016709;0.000510482;0.003997864;
777.8637146;0.002720635;0.00116795;883.4156449;0.000517568;0.004058279;
778.013678;0.002721249;0.001168244;884.0294131;0.000524927;0.004120777;
778.1636072;0.002722034;0.001168617;884.6429754;0.00053257;0.004185391;
778.313502;0.002722936;0.001169039;885.2563319;0.000540468;0.00425186;
778.4633625;0.002723904;0.001169479;885.8694825;0.000548581;0.004319851;
778.6131887;0.002724884;0.001169908;886.4824271;0.000556871;0.004389029;
778.7629805;0.002725825;0.001170294;887.0951657;0.000565299;0.004459065;
778.9127381;0.002726674;0.001170608;887.7076982;0.000573828;0.004529626;
779.0624613;0.002727388;0.001170827;888.3200246;0.000582419;0.004600382;
779.2121501;0.002727958;0.001170962;888.9321447;0.000591029;0.004671009;
779.3618047;0.002728385;0.00117103;889.5440587;0.000599605;0.004741214;
779.5114249;0.00272867;0.001171051;890.1557663;0.000608088;0.004810708;
779.6610107;0.002728814;0.001171042;890.7672676;0.00061642;0.004879205;
779.8105622;0.002728817;0.001171022;891.3785626;0.000624543;0.004946419;
779.9600793;0.00272868;0.001171008;891.989651;0.000632399;0.005012065;
780.1095621;0.002728413;0.001171019;892.600533;0.00063994;0.005075889;
780.2590105;0.002728065;0.001171071;893.2112084;0.000647153;0.005137768;
780.4084246;0.002727693;0.001171181;893.8216773;0.000654035;0.005197613;
780.5578043;0.002727354;0.001171366;894.4319394;0.000660581;0.005255333;
780.7071497;0.002727107;0.001171641;895.0419949;0.000666788;0.005310838;
780.8564606;0.002727009;0.001172023;895.6518436;0.000672652;0.005364037;
781.0057372;0.002727118;0.001172529;896.2614855;0.00067817;0.005414842;
781.1549795;0.002727477;0.001173167;896.8709205;0.000683341;0.00546319;
781.3041873;0.002728074;0.001173911;897.4801486;0.000688184;0.005509126;
781.4533607;0.002728886;0.001174729;898.0891698;0.000692719;0.005552723;
781.6024998;0.002729887;0.001175587;898.6979839;0.000696968;0.005594052;
781.7516045;0.002731052;0.001176451;899.306591;0.000700952;0.005633185;
781.9006748;0.002732357;0.00117729;899.9149909;0.000704693;0.005670193;
782.0497107;0.002733777;0.00117807;900.5231837;0.00070821;0.00570515;
782.1987122;0.002735283;0.001178763;901.1311692;0.000711525;0.005738156;
782.3476793;0.002736826;0.001179359;901.7389474;0.000714657;0.005769438;
782.4966119;0.002738353;0.001179856;902.3465183;0.000717623;0.005799252;
782.6455102;0.002739811;0.00118025;902.9538819;0.00072044;0.005827852;
782.7943741;0.002741147;0.001180536;903.561038;0.000723128;0.005855495;
782.9432035;0.00274231;0.001180711;904.1679866;0.000725702;0.005882434;
783.0919986;0.002743244;0.001180771;904.7747276;0.000728184;0.005908919;
783.2407592;0.002743915;0.001180719;905.3812611;0.000730599;0.00593519;
783.3894853;0.002744348;0.001180579;905.9875869;0.000732976;0.005961479;
783.5381771;0.002744585;0.001180383;906.593705;0.000735343;0.00598802;
783.6868344;0.002744668;0.001180162;907.1996154;0.000737729;0.006015046;
783.8354573;0.002744638;0.001179947;907.805318;0.00074016;0.00604279;
783.9840458;0.002744538;0.001179769;908.4108127;0.000742667;0.006071483;
784.1325998;0.002744409;0.001179659;909.0160995;0.000745274;0.006101331;
784.2811193;0.00274429;0.001179645;909.6211784;0.000748002;0.006132436;
784.4296044;0.002744215;0.001179732;910.2260492;0.000750868;0.006164874;
784.5780551;0.002744211;0.001179924;910.830712;0.000753889;0.006198719;
784.7264713;0.00274431;0.001180223;911.4351666;0.000757084;0.006234048;
784.8748531;0.002744541;0.001180633;912.0394131;0.000760471;0.006270935;
785.0232004;0.002744934;0.001181155;912.6434514;0.000764066;0.006309456;
785.1715132;0.002745518;0.001181794;913.2472814;0.000767886;0.006349666;
785.3197915;0.002746309;0.001182543;913.8509031;0.000771939;0.006391547;
785.4680354;0.002747265;0.001183373;914.4543164;0.000776233;0.006435059;
785.6162449;0.002748329;0.001184242;915.0575212;0.000780773;0.006480165;
785.7644198;0.002749445;0.001185113;915.6605176;0.000785568;0.006526826;
785.9125603;0.002750556;0.001185947;916.2633055;0.000790625;0.006575005;
786.0606662;0.002751607;0.001186704;916.8658847;0.000795948;0.006624699;
786.2087377;0.002752541;0.001187347;917.4682554;0.000801542;0.006676043;
786.3567747;0.002753313;0.001187844;918.0704173;0.000807408;0.006729208;
786.5047772;0.002753918;0.0011882;918.6723705;0.000813547;0.006784365;
786.6527452;0.002754364;0.001188428;919.2741149;0.000819964;0.006841682;
786.8006788;0.002754656;0.001188541;919.8756505;0.000826658;0.00690133;
786.9485778;0.002754801;0.001188552;920.4769771;0.000833633;0.006963478;
787.0964423;0.002754806;0.001188473;921.0780948;0.000840891;0.007028279;
787.2442723;0.002754676;0.001188317;921.6790035;0.000848446;0.007095821;
787.3920677;0.002754431;0.001188102;922.2797032;0.000856309;0.007166179;
787.5398287;0.002754136;0.001187864;922.8801937;0.000864496;0.007239425;
787.6875552;0.00275387;0.001187645;923.4804751;0.000873018;0.007315633;
787.8352471;0.002753711;0.001187486;924.0805473;0.000881889;0.007394877;
787.9829045;0.002753738;0.001187429;924.6804102;0.000891122;0.007477229;
788.1305274;0.002754028;0.001187515;925.2800638;0.000900727;0.007562774;
788.2781157;0.002754659;0.001187786;925.879508;0.000910714;0.007651594;
788.4256695;0.002755681;0.001188267;926.4787428;0.000921093;0.007743775;
788.5731888;0.002757036;0.001188928;927.0777682;0.000931873;0.007839399;
788.7206735;0.002758637;0.001189724;927.676584;0.000943064;0.007938551;
788.8681237;0.002760397;0.001190609;928.2751902;0.000954676;0.008041313;
789.0155393;0.00276223;0.001191536;928.8735868;0.000966717;0.008147773;
789.1629204;0.002764049;0.001192462;929.4717737;0.000979194;0.00825803;
789.3102669;0.002765768;0.001193341;930.0697509;0.000992114;0.008372188;
789.4575789;0.002767314;0.001194133;930.6675183;0.001005481;0.008490349;
789.6048563;0.002768655;0.00119482;931.2650758;0.001019302;0.008612617;
789.7520991;0.002769774;0.001195391;931.8624235;0.001033582;0.008739093;
789.8993074;0.002770651;0.001195834;932.4595612;0.001048329;0.008869881;
790.0464811;0.00277127;0.001196137;933.056489;0.001063541;0.009005005;
790.1936203;0.00277161;0.001196287;933.6532067;0.001079196;0.009144187;
790.3407248;0.002771655;0.001196273;934.2497142;0.001095267;0.009287071;
790.4877948;0.002771407;0.001196094;934.8460117;0.001111724;0.009433303;
790.6348302;0.002770959;0.001195796;935.4420989;0.00112854;0.009582529;
790.781831;0.002770425;0.001195435;936.0379759;0.001145688;0.009734397;
790.9287972;0.002769919;0.001195065;936.6336426;0.001163146;0.009888657;
791.0757288;0.002769553;0.001194745;937.2290989;0.001180926;0.010045482;
791.2226258;0.002769443;0.001194529;937.8243448;0.001199047;0.010205147;
791.3694883;0.002769701;0.001194474;938.4193802;0.001217528;0.010367924;
791.5163161;0.002770407;0.001194622;939.0142051;0.001236388;0.010534089;
791.6631093;0.002771505;0.001194961;939.6088195;0.001255645;0.010703915;
791.8098679;0.002772905;0.001195466;940.2032232;0.001275319;0.010877673;
791.9565919;0.002774517;0.001196111;940.7974162;0.001295432;0.011055593;
792.1032813;0.002776253;0.001196871;941.3913986;0.001316024;0.011237733;
792.2499361;0.002778023;0.001197721;941.9851701;0.001337142;0.011424109;
792.3965562;0.002779738;0.001198636;942.5787308;0.001358829;0.011614735;
792.5431417;0.002781319;0.00119959;943.1720807;0.001381131;0.011809628;
792.6896926;0.002782728;0.001200552;943.7652196;0.001404091;0.012008801;
792.8362089;0.002783937;0.001201489;944.3581475;0.001427755;0.012212271;
792.9826905;0.00278492;0.00120237;944.9508644;0.00145216;0.012420086;
793.1291375;0.002785647;0.001203163;945.5433702;0.001477316;0.012632425;
793.2755498;0.002786092;0.001203837;946.1356648;0.001503226;0.0128495;
793.4219275;0.002786227;0.001204359;946.7277482;0.001529895;0.013071524;
793.5682705;0.002786046;0.001204709;947.3196205;0.001557325;0.013298707;
793.7145789;0.002785629;0.001204909;947.9112814;0.001585519;0.013531261;
793.8608527;0.002785078;0.001204995;948.5027309;0.001614478;0.01376939;
794.0070918;0.002784496;0.001205;949.0939691;0.001644182;0.014013277;
794.1532962;0.002783984;0.001204958;949.6849957;0.001674608;0.014263095;
794.2994659;0.002783643;0.001204902;950.2758109;0.001705733;0.014519022;
794.445601;0.002783574;0.001204868;950.8664146;0.001737534;0.01478123;
794.5917014;0.002783856;0.001204886;951.4568066;0.001769989;0.015049896;
794.7377672;0.00278447;0.001204977;952.0469869;0.001803074;0.015325193;
794.8837983;0.002785376;0.001205161;952.6369555;0.001836776;0.01560724;
795.0297947;0.00278653;0.001205455;953.2267124;0.001871126;0.015895939;
795.1757564;0.002787892;0.00120588;953.8162574;0.001906162;0.016191141;
795.3216834;0.00278942;0.001206454;954.4055906;0.001941922;0.016492694;
795.4675757;0.002791074;0.001207195;954.9947118;0.001978446;0.016800446;
795.6134333;0.002792804;0.001208109;955.5836211;0.002015773;0.017114249;
795.7592563;0.002794533;0.001209144;956.1723183;0.002053942;0.017433951;
795.9050445;0.002796175;0.001210238;956.7608035;0.002092994;0.017759441;
796.050798;0.002797646;0.001211324;957.3490765;0.002132986;0.018090764;
796.1965169;0.002798861;0.00121234;957.9371373;0.002173976;0.018428001;
796.342201;0.002799736;0.001213221;958.5249859;0.002216023;0.018771233;
796.4878504;0.002800185;0.001213903;959.1126222;0.002259187;0.019120543;
796.6334651;0.002800156;0.001214339;959.7000461;0.002303527;0.019476011;
796.7790451;0.002799726;0.001214547;960.2872577;0.002349085;0.01983788;
796.9245903;0.002799;0.001214562;960.8742568;0.00239585;0.020207031;
797.0701008;0.002798085;0.001214418;961.4610434;0.002443793;0.020584506;
797.2155766;0.002797089;0.00121415;962.0476175;0.002492886;0.020971344;
797.3610177;0.002796118;0.001213792;962.6339789;0.002543102;0.021368582;
797.506424;0.002795279;0.001213378;963.2201277;0.002594412;0.021777253;
797.6517956;0.002794663;0.001212946;963.8060638;0.00264679;0.022198389;
797.7971325;0.002794304;0.001212538;964.3917871;0.002700229;0.022632885;
797.9424346;0.002794223;0.001212201;964.9772977;0.002754809;0.023081091;
798.0877019;0.002794438;0.00121198;965.5625953;0.002810632;0.023543221;
798.2329345;0.00279497;0.001211921;966.14768;0.002867798;0.024019487;
798.3781324;0.002795838;0.001212069;966.7325518;0.002926409;0.024510104;
798.5232955;0.002797062;0.00121247;967.3172105;0.002986565;0.025015282;
798.6684238;0.002798642;0.00121315;967.9016562;0.003048361;0.025535297;
798.8135174;0.002800508;0.001214066;968.4858887;0.003111875;0.02607068;
798.9585762;0.002802568;0.001215155;969.0699081;0.003177177;0.026622023;
799.1036002;0.002804735;0.001216355;969.6537142;0.00324434;0.027189918;
799.2485895;0.002806917;0.001217604;970.2373071;0.003313434;0.027774954;
799.3935439;0.002809026;0.001218839;970.8206866;0.00338453;0.028377719;
799.5384636;0.002810971;0.001219998;971.4038527;0.003457701;0.028998802;
799.6833485;0.002812678;0.001221028;971.9868054;0.003533022;0.029638475;
799.8281987;0.00281412;0.001221906;972.5695446;0.003610596;0.030295759;
799.973014;0.002815285;0.00122262;973.1520702;0.003690535;0.030969365;
800.1177945;0.002816161;0.001223154;973.7343823;0.003772946;0.031658008;
800.2625403;0.002816736;0.001223496;974.3164807;0.003857938;0.032360404;
800.4072512;0.002816998;0.001223632;974.8983654;0.00394562;0.033075271;
800.5519274;0.002816933;0.001223548;975.4800364;0.004036101;0.033801333;
800.6965687;0.002816547;0.001223244;976.0614935;0.004129477;0.034537958;
800.8411752;0.002815909;0.001222777;976.6427368;0.004225804;0.035287096;
800.985747;0.002815103;0.001222216;977.2237662;0.004325124;0.036051333;
801.1302839;0.002814214;0.001221631;977.8045816;0.004427481;0.036833252;
801.2747859;0.002813328;0.001221091;978.385183;0.004532917;0.03763543;
801.4192532;0.00281253;0.001220666;978.9655703;0.004641475;0.038460437;
801.5636856;0.002811903;0.001220425;979.5457436;0.004753211;0.03931044;
801.7080832;0.00281152;0.001220422;980.1257026;0.004868226;0.040186015;
801.852446;0.002811402;0.001220653;980.7054475;0.004986636;0.04108734;
801.9967739;0.002811557;0.001221097;981.284978;0.005108553;0.04201459;
802.141067;0.002811993;0.001221735;981.8642942;0.005234092;0.042967943;
802.2853253;0.002812719;0.001222545;982.4433961;0.005363365;0.043947573;
802.4295487;0.002813742;0.00122351;983.0222835;0.005496486;0.044953657;
802.5737373;0.002815071;0.001224608;983.6009564;0.005633564;0.045986707;
802.717891;0.002816695;0.001225813;984.1794148;0.005774688;0.047048588;
802.8620098;0.002818524;0.001227077;984.7576587;0.005919944;0.048141496;
803.0060938;0.00282045;0.001228343;985.3356878;0.006069417;0.049267623;
803.1501429;0.002822364;0.001229556;985.9135023;0.006223192;0.050429158;
803.2941572;0.002824159;0.00123066;986.4911021;0.006381354;0.051628283;
803.4381366;0.002825726;0.001231601;987.068487;0.006543987;0.052867174;
803.5820812;0.002826958;0.001232322;987.6456571;0.006711273;0.054147828;
803.7259908;0.002827776;0.001232784;988.2226123;0.006883776;0.055471528;
803.8698656;0.002828227;0.001233012;988.7993525;0.007062154;0.056839377;
804.0137055;0.002828384;0.001233047;989.3758777;0.007247065;0.058252475;
804.1575105;0.002828322;0.001232929;989.9521879;0.007439165;0.059711921;
804.3012806;0.002828116;0.001232697;990.528283;0.00763911;0.06121881;
804.4450159;0.002827841;0.001232393;991.1041629;0.007847426;0.062773383;
804.5887162;0.002827572;0.001232057;991.6798276;0.00806414;0.064372476;
804.7323817;0.002827379;0.00123173;992.255277;0.008289155;0.066012079;
804.8760122;0.002827328;0.001231463;992.8305111;0.008522371;0.067688191;
805.0196079;0.002827477;0.001231307;993.4055298;0.008763691;0.069396823;
805.1631686;0.002827889;0.001231313;993.9803332;0.009013016;0.07113399;
805.3066944;0.002828623;0.001231533;994.554921;0.009270249;0.07289572;
805.4501854;0.002829741;0.001232019;995.1292933;0.009535075;0.074678274;
805.5936414;0.002831303;0.001232822;995.70345;0.009806306;0.076478828;
805.7370624;0.002833336;0.00123397;996.2773911;0.010082541;0.07829479;
805.8804486;0.00283573;0.001235395;996.8511166;0.010362382;0.080123574;
806.0237998;0.002838342;0.001237008;997.4246262;0.010644431;0.0819626;
806.1671161;0.002841031;0.00123872;997.9979201;0.010927298;0.083809292;
806.3103975;0.002843653;0.001240439;998.5709982;0.011209592;0.085661083;
806.4536439;0.002846068;0.001242077;999.1438603;0.011491084;0.087514219;
806.5968554;0.002848132;0.001243544;999.7165065;0.011772471;0.089366656;
806.740032;0.002849736;0.001244767;1000.288937;0.012053751;0.091218394;
806.8831736;0.0028509;0.001245739;1000.861151;0.012334925;0.093069434;
807.0262803;0.002851674;0.001246467;1001.433149;0.012615993;0.094919774;
807.169352;0.00285211;0.001246961;1002.004931;0.012896955;0.096769416;
807.3123887;0.002852259;0.001247229;1002.576497;0.013177811;0.098618357;
807.4553905;0.002852171;0.00124728;1003.147846;0.01345856;0.1004666;
807.5983574;0.002851898;0.001247123;1003.718979;0.013739203;0.102314142;
807.7412892;0.002851498;0.001246777;1004.289896;0.01401974;0.104160985;
807.8841862;0.002851059;0.001246315;1004.860596;0.01430017;0.106007128;
808.0270481;0.002850677;0.001245818;1005.43108;0.014580494;0.10785257;
808.169875;0.002850447;0.001245369;1006.001348;0.014860711;0.109697312;
808.312667;0.002850466;0.00124505;1006.571398;0.015140823;0.111541353;
808.455424;0.002850827;0.001244943;1007.141233;0.015420827;0.113384694;
808.598146;0.002851628;0.00124513;1007.71085;0.015700726;0.115227333;
808.7408331;0.002852928;0.001245668;1008.280251;0.015980517;0.117069272;
808.8834851;0.002854655;0.001246507;1008.849435;0.016260202;0.118910509;
809.0261022;0.002856701;0.001247576;1009.418402;0.016539781;0.120751045;
809.1686842;0.002858961;0.001248798;1009.987152;0.016819253;0.12259088;
809.3112313;0.002861328;0.001250101;1010.555686;0.017098619;0.124430012;
809.4537433;0.002863696;0.001251411;1011.124002;0.017377878;0.126268443;
809.5962203;0.002865958;0.001252655;1011.692101;0.01765703;0.128106171;
809.7386624;0.00286803;0.001253772;1012.259984;0.017936075;0.129943198;
809.8810694;0.002869907;0.001254761;1012.827649;0.018215014;0.131779522;
810.0234414;0.002871607;0.001255634;1013.395097;0.018493846;0.133615143;
810.1657784;0.002873146;0.001256403;1013.962327;0.018772572;0.135450061;
810.3080803;0.002874543;0.001257078;1014.529341;0.01905119;0.137284277;
810.4503472;0.002875814;0.001257672;1015.096137;0.019329702;0.139117789;
810.5925792;0.002876976;0.001258197;1015.662715;0.019608107;0.140950598;
810.734776;0.002878046;0.001258664;1016.229076;0.019886405;0.142782704;
810.8769379;0.002879075;0.001259106;1016.79522;0.020164596;0.144614106;
811.0190647;0.002880105;0.001259547;1017.361146;0.020442681;0.146444804;
811.1611564;0.002881134;0.001259989;1017.926854;0.020720658;0.148274799;
811.3032131;0.002882162;0.001260431;1018.492345;0.020998529;0.150104089;
811.4452348;0.002883191;0.001260872;1019.057618;0.021276292;0.151932675;
811.5872214;0.002884219;0.001261314;1019.622673;0.021553948;0.153760556;
811.7291729;0.002885247;0.001261755;1020.187511;0.021831498;0.155587733;
811.8710894;0.002886274;0.001262196;1020.75213;0.02210894;0.157414205;
812.0129709;0.002887302;0.001262637;1021.316532;0.022386275;0.159239972;
812.1548172;0.002888329;0.001263078;1021.880716;0.022663504;0.161065034;
812.2966285;0.002889356;0.001263519;1022.444681;0.022940625;0.16288939;
